{"moderate_rain":{"pixelRatio":1,"width":200,"height":200,"x":0,"y":0},"moderate_snow":{"pixelRatio":1,"width":200,"height":200,"x":200,"y":0},"hail":{"pixelRatio":1,"width":200,"height":200,"x":0,"y":200},"cloudy":{"pixelRatio":1,"width":200,"height":200,"x":200,"y":200},"heavy_rain":{"pixelRatio":1,"width":200,"height":200,"x":400,"y":0},"heavy_snow":{"pixelRatio":1,"width":200,"height":200,"x":400,"y":200},"fog":{"pixelRatio":1,"width":200,"height":200,"x":0,"y":400},"wind":{"pixelRatio":1,"width":200,"height":200,"x":200,"y":400},"light_rain":{"pixelRatio":1,"width":200,"height":200,"x":400,"y":400},"light_snow":{"pixelRatio":1,"width":200,"height":200,"x":600,"y":0},"sunny":{"pixelRatio":1,"width":200,"height":200,"x":600,"y":200},"rainstorm":{"pixelRatio":1,"width":200,"height":200,"x":600,"y":400},"sand_storm":{"pixelRatio":1,"width":200,"height":200,"x":0,"y":600},"cloudy_sky":{"pixelRatio":1,"width":200,"height":200,"x":200,"y":600},"shower":{"pixelRatio":1,"width":200,"height":200,"x":400,"y":600},"snow_shower":{"pixelRatio":1,"width":200,"height":200,"x":600,"y":600},"sleet":{"pixelRatio":1,"width":200,"height":200,"x":800,"y":0},"thundershower":{"pixelRatio":1,"width":200,"height":200,"x":800,"y":200},"haze_1":{"pixelRatio":1,"width":200,"height":200,"x":800,"y":400},"haze_2":{"pixelRatio":1,"width":200,"height":200,"x":800,"y":600},"haze_3":{"pixelRatio":1,"width":200,"height":200,"x":0,"y":800},"qq":{"pixelRatio":1,"width":32,"height":32,"x":200,"y":800},"jd":{"pixelRatio":1,"width":32,"height":32,"x":232,"y":800},"wechat":{"pixelRatio":1,"width":32,"height":32,"x":264,"y":800},"alipay":{"pixelRatio":1,"width":32,"height":32,"x":296,"y":800},"calendar":{"pixelRatio":1,"width":32,"height":32,"x":328,"y":800},"close":{"pixelRatio":1,"width":16,"height":16,"x":360,"y":800},"minus":{"pixelRatio":1,"width":16,"height":16,"x":376,"y":800},"complete":{"pixelRatio":1,"width":16,"height":16,"x":392,"y":800},"search":{"pixelRatio":1,"width":16,"height":16,"x":408,"y":800}}