{"moderate_rain":{"pixelRatio":2,"width":400,"height":400,"x":0,"y":0},"moderate_snow":{"pixelRatio":2,"width":400,"height":400,"x":400,"y":0},"hail":{"pixelRatio":2,"width":400,"height":400,"x":0,"y":400},"cloudy":{"pixelRatio":2,"width":400,"height":400,"x":400,"y":400},"heavy_rain":{"pixelRatio":2,"width":400,"height":400,"x":800,"y":0},"heavy_snow":{"pixelRatio":2,"width":400,"height":400,"x":800,"y":400},"fog":{"pixelRatio":2,"width":400,"height":400,"x":0,"y":800},"wind":{"pixelRatio":2,"width":400,"height":400,"x":400,"y":800},"light_rain":{"pixelRatio":2,"width":400,"height":400,"x":800,"y":800},"light_snow":{"pixelRatio":2,"width":400,"height":400,"x":1200,"y":0},"sunny":{"pixelRatio":2,"width":400,"height":400,"x":1200,"y":400},"rainstorm":{"pixelRatio":2,"width":400,"height":400,"x":1200,"y":800},"sand_storm":{"pixelRatio":2,"width":400,"height":400,"x":0,"y":1200},"cloudy_sky":{"pixelRatio":2,"width":400,"height":400,"x":400,"y":1200},"shower":{"pixelRatio":2,"width":400,"height":400,"x":800,"y":1200},"snow_shower":{"pixelRatio":2,"width":400,"height":400,"x":1200,"y":1200},"sleet":{"pixelRatio":2,"width":400,"height":400,"x":1600,"y":0},"thundershower":{"pixelRatio":2,"width":400,"height":400,"x":1600,"y":400},"haze_1":{"pixelRatio":2,"width":400,"height":400,"x":1600,"y":800},"haze_2":{"pixelRatio":2,"width":400,"height":400,"x":1600,"y":1200},"haze_3":{"pixelRatio":2,"width":400,"height":400,"x":0,"y":1600},"qq":{"pixelRatio":2,"width":64,"height":64,"x":400,"y":1600},"jd":{"pixelRatio":2,"width":64,"height":64,"x":464,"y":1600},"wechat":{"pixelRatio":2,"width":64,"height":64,"x":528,"y":1600},"alipay":{"pixelRatio":2,"width":64,"height":64,"x":592,"y":1600},"calendar":{"pixelRatio":2,"width":64,"height":64,"x":656,"y":1600},"close":{"pixelRatio":2,"width":32,"height":32,"x":720,"y":1600},"minus":{"pixelRatio":2,"width":32,"height":32,"x":752,"y":1600},"complete":{"pixelRatio":2,"width":32,"height":32,"x":784,"y":1600},"search":{"pixelRatio":2,"width":32,"height":32,"x":816,"y":1600}}